{"data_time": 0.008389562000957085, "eta_seconds": 1028.3683199988445, "fast_rcnn/cls_accuracy": 0.6875, "fast_rcnn/false_negative": 0.875, "fast_rcnn/fg_cls_accuracy": 0.125, "iteration": 19, "loss_box_reg": 0.7921178638935089, "loss_cls": 0.5851734578609467, "loss_rpn_cls": 0.6921955347061157, "loss_rpn_loc": 0.21451828628778458, "lr": 4.770249999999999e-05, "rank_data_time": 0.008389562000957085, "roi_head/num_bg_samples": 12.0, "roi_head/num_fg_samples": 4.0, "rpn/num_neg_anchors": 207.0, "rpn/num_pos_anchors": 49.0, "time": 2.1424339999975928, "total_loss": 2.3575218096375465}
{"data_time": 0.008497417002217844, "eta_seconds": 1027.4568624996755, "fast_rcnn/cls_accuracy": 0.75, "fast_rcnn/false_negative": 1.0, "fast_rcnn/fg_cls_accuracy": 0.0, "iteration": 39, "loss_box_reg": 0.8532556891441345, "loss_cls": 0.4826647639274597, "loss_rpn_cls": 0.680252879858017, "loss_rpn_loc": 0.19821330159902573, "lr": 9.765249999999999e-05, "rank_data_time": 0.008497417002217844, "roi_head/num_bg_samples": 12.0, "roi_head/num_fg_samples": 4.0, "rpn/num_neg_anchors": 177.0, "rpn/num_pos_anchors": 79.0, "time": 2.341306458496547, "total_loss": 2.1953540295362473}
{"data_time": 0.009091417003219249, "eta_seconds": 1021.1549882600957, "fast_rcnn/cls_accuracy": 0.9375, "fast_rcnn/false_negative": 0.375, "fast_rcnn/fg_cls_accuracy": 0.625, "iteration": 59, "loss_box_reg": 0.897759735584259, "loss_cls": 0.331600546836853, "loss_rpn_cls": 0.634105384349823, "loss_rpn_loc": 0.1144888773560524, "lr": 0.0001476025, "rank_data_time": 0.009091417003219249, "roi_head/num_bg_samples": 12.0, "roi_head/num_fg_samples": 4.0, "rpn/num_neg_anchors": 237.5, "rpn/num_pos_anchors": 18.5, "time": 2.4382440210029017, "total_loss": 2.074440151453018}
{"data_time": 0.009377291997225257, "fast_rcnn/cls_accuracy": 0.9375, "fast_rcnn/false_negative": 0.0, "fast_rcnn/fg_cls_accuracy": 1.0, "iteration": 78, "loss_box_reg": 0.8976354598999023, "loss_cls": 0.25346681475639343, "loss_rpn_cls": 0.5892634391784668, "loss_rpn_loc": 0.12465766444802284, "lr": 0.000195055, "rank_data_time": 0.009377291997225257, "roi_head/num_bg_samples": 12.0, "roi_head/num_fg_samples": 4.0, "rpn/num_neg_anchors": 209.5, "rpn/num_pos_anchors": 46.5, "time": 2.4410908129975724, "total_loss": 1.8586506992578506}
{"eta_seconds": 988.9397527775145, "iteration": 79}
{"data_time": 0.009216250000463333, "eta_seconds": 1163.6606697610114, "fast_rcnn/cls_accuracy": 0.625, "fast_rcnn/false_negative": 1.0, "fast_rcnn/fg_cls_accuracy": 0.0, "iteration": 19, "loss_box_reg": 0.6821675002574921, "loss_cls": 0.6653337478637695, "loss_rpn_cls": 0.6790063977241516, "loss_rpn_loc": 0.19471601396799088, "lr": 5.709299999999999e-05, "rank_data_time": 0.009216250000463333, "roi_head/num_bg_samples": 12.0, "roi_head/num_fg_samples": 4.0, "rpn/num_neg_anchors": 207.0, "rpn/num_pos_anchors": 49.0, "time": 2.424293062002107, "total_loss": 2.2565404921770096}
{"data_time": 0.009895520997815765, "eta_seconds": 1187.544366249058, "fast_rcnn/cls_accuracy": 0.75, "fast_rcnn/false_negative": 1.0, "fast_rcnn/fg_cls_accuracy": 0.0, "iteration": 39, "loss_box_reg": 0.7518334686756134, "loss_cls": 0.4180779606103897, "loss_rpn_cls": 0.6594455540180206, "loss_rpn_loc": 0.16842859238386154, "lr": 0.00011703299999999998, "rank_data_time": 0.009895520997815765, "roi_head/num_bg_samples": 12.0, "roi_head/num_fg_samples": 4.0, "rpn/num_neg_anchors": 240.0, "rpn/num_pos_anchors": 16.0, "time": 2.6352877915014687, "total_loss": 2.027592696249485}
{"data_time": 0.009737583000969607, "eta_seconds": 1152.884846518864, "fast_rcnn/cls_accuracy": 0.875, "fast_rcnn/false_negative": 0.5, "fast_rcnn/fg_cls_accuracy": 0.5, "iteration": 59, "loss_box_reg": 0.7748673260211945, "loss_cls": 0.3592594563961029, "loss_rpn_cls": 0.6173292696475983, "loss_rpn_loc": 0.13501281291246414, "lr": 0.00015, "rank_data_time": 0.009737583000969607, "roi_head/num_bg_samples": 12.0, "roi_head/num_fg_samples": 4.0, "rpn/num_neg_anchors": 179.0, "rpn/num_pos_anchors": 77.0, "time": 2.644469166498311, "total_loss": 1.9198441067710519}
{"data_time": 0.009798145496461075, "eta_seconds": 1101.3169475697214, "fast_rcnn/cls_accuracy": 0.9375, "fast_rcnn/false_negative": 0.5, "fast_rcnn/fg_cls_accuracy": 0.5, "iteration": 79, "loss_box_reg": 0.8822233974933624, "loss_cls": 0.24775223433971405, "loss_rpn_cls": 0.558222621679306, "loss_rpn_loc": 0.11802138388156891, "lr": 0.00015, "rank_data_time": 0.009798145496461075, "roi_head/num_bg_samples": 12.0, "roi_head/num_fg_samples": 4.0, "rpn/num_neg_anchors": 207.0, "rpn/num_pos_anchors": 49.0, "time": 2.7098960830007854, "total_loss": 1.7829958414658904}
{"data_time": 0.009310249999543885, "eta_seconds": 1050.6711747992085, "fast_rcnn/cls_accuracy": 0.9375, "fast_rcnn/false_negative": 0.25, "fast_rcnn/fg_cls_accuracy": 0.75, "iteration": 99, "loss_box_reg": 0.8580736517906189, "loss_cls": 0.20300189405679703, "loss_rpn_cls": 0.5095904469490051, "loss_rpn_loc": 0.11452741920948029, "lr": 0.00015, "rank_data_time": 0.009310249999543885, "roi_head/num_bg_samples": 12.0, "roi_head/num_fg_samples": 4.0, "rpn/num_neg_anchors": 207.0, "rpn/num_pos_anchors": 49.0, "time": 2.763540104497224, "total_loss": 1.8014849498867989}
{"data_time": 0.010201979002886219, "eta_seconds": 1007.5038482701348, "fast_rcnn/cls_accuracy": 0.9375, "fast_rcnn/false_negative": 0.0, "fast_rcnn/fg_cls_accuracy": 1.0, "iteration": 119, "loss_box_reg": 0.86387038230896, "loss_cls": 0.19588817656040192, "loss_rpn_cls": 0.4591045677661896, "loss_rpn_loc": 0.09580177813768387, "lr": 0.00015, "rank_data_time": 0.010201979002886219, "roi_head/num_bg_samples": 12.0, "roi_head/num_fg_samples": 4.0, "rpn/num_neg_anchors": 207.0, "rpn/num_pos_anchors": 49.0, "time": 2.871989728999324, "total_loss": 1.7282027751207352}
{"data_time": 0.010907208499702392, "eta_seconds": 965.8084876193607, "fast_rcnn/cls_accuracy": 0.9375, "fast_rcnn/false_negative": 0.0, "fast_rcnn/fg_cls_accuracy": 1.0, "iteration": 139, "loss_box_reg": 0.7817744016647339, "loss_cls": 0.17925607413053513, "loss_rpn_cls": 0.44079428911209106, "loss_rpn_loc": 0.09006152674555779, "lr": 0.00015, "rank_data_time": 0.010907208499702392, "roi_head/num_bg_samples": 12.0, "roi_head/num_fg_samples": 4.0, "rpn/num_neg_anchors": 207.0, "rpn/num_pos_anchors": 49.0, "time": 3.0972422704981, "total_loss": 1.49673280864954}
